idx,mu,abs_mu,last,y_abs,delta_true,enter,side,profit
0,0.21349035,0.21349035,34.0,24.312868,-9.687132,0,0,-0.0
1,0.21297865,0.21297865,35.0,23.55538,-11.44462,0,0,-0.0
2,0.2113948,0.2113948,35.0,24.230028,-10.769972,0,0,-0.0
3,0.21091156,0.21091156,36.0,25.28711,-10.712891,0,0,-0.0
4,0.21112482,0.21112482,37.0,25.561733,-11.438267,0,0,-0.0
5,0.2111343,0.2111343,35.0,24.709488,-10.290512,0,0,-0.0
6,0.21598785,0.21598785,34.0,25.734793,-8.265207,0,0,-0.0
7,0.21157454,0.21157454,32.0,26.326033,-5.6739674,0,0,-0.0
8,0.21198358,0.21198358,31.0,25.918634,-5.0813656,0,0,-0.0
9,0.21184017,0.21184017,30.0,26.07524,-3.9247608,0,0,-0.0
10,0.2103766,0.2103766,30.0,24.943827,-5.0561733,0,0,-0.0
11,0.20948376,0.20948376,30.0,25.523718,-4.476282,0,0,-0.0
12,0.21027534,0.21027534,31.0,24.98014,-6.0198593,0,0,-0.0
13,0.21072365,0.21072365,32.0,25.952679,-6.0473213,0,0,-0.0
14,0.21665482,0.21665482,32.0,26.077507,-5.922493,0,0,-0.0
15,0.2127996,0.2127996,32.0,25.26271,-6.7372894,0,0,-0.0
16,0.21315081,0.21315081,30.0,26.134815,-3.8651848,0,0,-0.0
17,0.21282427,0.21282427,30.0,26.712437,-3.2875633,0,0,-0.0
18,0.2115012,0.2115012,30.0,27.194166,-2.8058338,0,0,-0.0
19,0.21004201,0.21004201,27.0,27.206083,0.2060833,0,0,0.0
20,0.21141584,0.21141584,27.0,26.676123,-0.32387733,0,0,-0.0
21,0.2116157,0.2116157,25.0,27.685543,2.685543,0,0,0.0
22,0.2177668,0.2177668,25.0,27.977758,2.9777584,0,0,0.0
23,0.21331818,0.21331818,25.0,28.704607,3.704607,0,0,0.0
24,0.21468224,0.21468224,26.0,27.747957,1.7479572,0,0,0.0
25,0.21359901,0.21359901,25.0,27.153881,2.153881,0,0,0.0
26,0.21303959,0.21303959,26.0,26.865637,0.8656368,0,0,0.0
27,0.21118824,0.21118824,24.0,27.376305,3.3763046,0,0,0.0
28,0.21260588,0.21260588,25.0,27.438152,2.4381523,0,0,0.0
29,0.2116432,0.2116432,27.0,27.71675,0.7167492,0,0,0.0
30,0.2174521,0.2174521,28.0,28.284159,0.2841587,0,0,0.0
31,0.21243887,0.21243887,28.0,28.14571,0.14570999,0,0,0.0
32,0.21462183,0.21462183,26.0,27.839878,1.8398781,0,0,0.0
33,0.21288125,0.21288125,27.0,28.768724,1.7687244,0,0,0.0
34,0.21331076,0.21331076,27.0,28.602474,1.6024742,0,0,0.0
35,0.21129511,0.21129511,27.0,28.511122,1.5111217,0,0,0.0
36,0.21232592,0.21232592,27.0,28.92079,1.9207897,0,0,0.0
37,0.21117388,0.21117388,26.0,28.170677,2.1706772,0,0,0.0
38,0.21805383,0.21805383,26.0,27.583408,1.5834084,0,0,0.0
39,0.21272595,0.21272595,25.0,27.987404,2.9874039,0,0,0.0
40,0.21456812,0.21456812,25.0,27.349636,2.349636,0,0,0.0
41,0.21213172,0.21213172,24.0,26.509872,2.5098724,0,0,0.0
42,0.21194826,0.21194826,24.0,25.768839,1.7688389,0,0,0.0
43,0.2101991,0.2101991,24.0,26.419088,2.4190884,0,0,0.0
44,0.21070682,0.21070682,23.0,26.11212,3.1121197,0,0,0.0
45,0.20948009,0.20948009,24.0,25.98275,1.9827499,0,0,0.0
46,0.21607386,0.21607386,24.0,26.804358,2.8043575,0,0,0.0
47,0.21114458,0.21114458,24.0,26.303337,2.303337,0,0,0.0
48,0.21315382,0.21315382,24.0,26.581934,2.581934,0,0,0.0
49,0.21141668,0.21141668,25.0,25.858488,0.8584881,0,0,0.0
50,0.21140783,0.21140783,25.0,25.731956,0.7319565,0,0,0.0
51,0.20970066,0.20970066,24.0,26.581934,2.581934,0,0,0.0
52,0.21108396,0.21108396,24.0,28.4192,4.419201,0,0,0.0
53,0.21041574,0.21041574,25.0,27.788244,2.7882442,0,0,0.0
54,0.21584542,0.21584542,26.0,27.64923,1.649229,0,0,0.0
55,0.211013,0.211013,25.0,28.131525,3.131525,0,0,0.0
56,0.21225421,0.21225421,26.0,27.848955,1.8489552,0,0,0.0
57,0.20946802,0.20946802,27.0,27.039265,0.03926468,0,0,0.0
58,0.20993556,0.20993556,27.0,27.088629,0.08862877,0,0,0.0
59,0.20814045,0.20814045,27.0,26.090559,-0.909441,0,0,-0.0
60,0.21024223,0.21024223,26.0,26.323196,0.3231964,0,0,0.0
61,0.20872195,0.20872195,26.0,26.752155,0.7521553,0,0,0.0
62,0.21520136,0.21520136,26.0,25.985588,-0.014411926,0,0,-0.0
63,0.21086846,0.21086846,26.0,25.661598,-0.3384018,0,0,-0.0
64,0.21194278,0.21194278,27.0,24.9739,-2.0261002,0,0,-0.0
65,0.20840196,0.20840196,26.0,23.680208,-2.3197918,0,0,-0.0
66,0.20913209,0.20913209,26.0,22.700294,-3.2997055,0,0,-0.0
67,0.20711453,0.20711453,27.0,23.869722,-3.1302776,0,0,-0.0
68,0.20865135,0.20865135,28.0,22.989105,-5.010895,0,0,-0.0
69,0.20849673,0.20849673,28.0,23.46743,-4.53257,0,0,-0.0
70,0.21319331,0.21319331,27.0,24.282797,-2.7172031,0,0,-0.0
71,0.20923309,0.20923309,28.0,24.765661,-3.2343388,0,0,-0.0
72,0.21121617,0.21121617,28.0,24.619268,-3.3807316,0,0,-0.0
73,0.2083853,0.2083853,29.0,23.60531,-5.3946896,0,0,-0.0
74,0.20995109,0.20995109,29.0,23.260895,-5.739105,0,0,-0.0
75,0.21142383,0.21142383,27.0,21.50811,-5.49189,0,0,-0.0
76,0.21036504,0.21036504,27.0,22.875816,-4.1241837,0,0,-0.0
77,0.20954789,0.20954789,27.0,22.078794,-4.9212055,0,0,-0.0
78,0.21088748,0.21088748,27.0,22.398329,-4.601671,0,0,-0.0
79,0.2119463,0.2119463,27.0,23.971193,-3.0288067,0,0,-0.0
80,0.21257381,0.21257381,28.0,23.56088,-4.4391193,0,0,-0.0
81,0.21178724,0.21178724,28.0,23.683733,-4.316267,0,0,-0.0
82,0.20860009,0.20860009,28.0,22.41588,-5.58412,0,0,-0.0
83,0.21054085,0.21054085,28.0,23.804163,-4.195837,0,0,-0.0
84,0.20922361,0.20922361,28.0,24.357298,-3.642702,0,0,-0.0
85,0.20900507,0.20900507,28.0,24.68107,-3.3189297,0,0,-0.0
86,0.21028496,0.21028496,29.0,24.589083,-4.4109173,0,0,-0.0
87,0.2116959,0.2116959,28.0,23.755144,-4.244856,0,0,-0.0
88,0.21260665,0.21260665,27.0,23.08642,-3.91358,0,0,-0.0
89,0.2111315,0.2111315,28.0,23.361776,-4.6382236,0,0,-0.0
90,0.20934989,0.20934989,27.0,24.253813,-2.7461872,0,0,-0.0
91,0.21168528,0.21168528,26.0,26.76168,0.7616806,0,0,0.0
92,0.20996152,0.20996152,26.0,27.75357,1.7535706,0,0,0.0
93,0.20956685,0.20956685,26.0,26.981966,0.981966,0,0,0.0
94,0.21147178,0.21147178,26.0,26.533527,0.5335274,0,0,0.0
95,0.21303086,0.21303086,25.0,26.411886,1.4118862,0,0,0.0
96,0.21351816,0.21351816,26.0,28.40656,2.406561,0,0,0.0
97,0.21208434,0.21208434,26.0,28.513678,2.5136776,0,0,0.0
98,0.20918141,0.20918141,26.0,31.083273,5.083273,0,0,0.0
99,0.21070851,0.21070851,26.0,30.227549,4.2275486,0,0,0.0
100,0.20908894,0.20908894,25.0,30.563423,5.563423,0,0,0.0
101,0.2081741,0.2081741,26.0,30.821835,4.8218346,0,0,0.0
102,0.21020238,0.21020238,27.0,30.93803,3.9380302,0,0,0.0
103,0.2122442,0.2122442,28.0,29.915276,1.9152756,0,0,0.0
104,0.21300082,0.21300082,27.0,30.840595,3.8405952,0,0,0.0
105,0.21269803,0.21269803,28.0,29.249577,1.2495766,0,0,0.0
106,0.20979942,0.20979942,28.0,29.739168,1.7391682,0,0,0.0
107,0.2120039,0.2120039,27.0,30.637255,3.6372547,0,0,0.0
108,0.20953043,0.20953043,27.0,28.109417,1.109417,0,0,0.0
109,0.21003999,0.21003999,26.0,26.6237,0.6236992,0,0,0.0
110,0.21119453,0.21119453,26.0,26.804043,0.8040428,0,0,0.0
111,0.21184428,0.21184428,26.0,26.446987,0.44698715,0,0,0.0
112,0.21255352,0.21255352,26.0,25.765553,-0.23444748,0,0,-0.0
113,0.2114691,0.2114691,25.0,27.131445,2.131445,0,0,0.0
114,0.2093199,0.2093199,25.0,26.535343,1.5353432,0,0,0.0
115,0.21150188,0.21150188,24.0,25.632414,1.6324139,0,0,0.0
116,0.20849364,0.20849364,22.0,26.785282,4.785282,0,0,0.0
117,0.2094333,0.2094333,23.0,27.277294,4.277294,0,0,0.0
118,0.20987608,0.20987608,23.0,26.367708,3.3677082,0,0,0.0
119,0.21121173,0.21121173,23.0,25.999758,2.9997578,0,0,0.0
120,0.21154211,0.21154211,23.0,26.614016,3.6140156,0,0,0.0
121,0.21106915,0.21106915,24.0,25.612442,1.612442,0,0,0.0
122,0.20891838,0.20891838,24.0,24.578794,0.5787945,0,0,0.0
123,0.21221806,0.21221806,23.0,24.07589,1.0758896,0,0,0.0
124,0.20872264,0.20872264,23.0,24.983055,1.9830551,0,0,0.0
125,0.21067767,0.21067767,22.0,24.547325,2.5473251,0,0,0.0
126,0.21167628,0.21167628,23.0,25.700193,2.7001934,0,0,0.0
127,0.21260299,0.21260299,23.0,26.428226,3.4282265,0,0,0.0
128,0.21293558,0.21293558,23.0,26.046963,3.0469627,0,0,0.0
129,0.21264742,0.21264742,24.0,26.194626,2.1946259,0,0,0.0
130,0.20961313,0.20961313,24.0,24.84447,0.8444691,0,0,0.0
131,0.21255828,0.21255828,24.0,24.7198,0.71980095,0,0,0.0
132,0.20955105,0.20955105,23.0,26.062696,3.0626965,0,0,0.0
133,0.20995487,0.20995487,24.0,26.43912,2.4391193,0,0,0.0
134,0.21236227,0.21236227,25.0,26.236383,1.2363834,0,0,0.0
135,0.21237372,0.21237372,25.0,25.620914,0.62091446,0,0,0.0
136,0.21185549,0.21185549,25.0,26.207335,1.2073345,0,0,0.0
137,0.21273874,0.21273874,24.0,26.434277,2.4342766,0,0,0.0
138,0.21076722,0.21076722,24.0,26.695715,2.695715,0,0,0.0
139,0.21161263,0.21161263,24.0,26.739288,2.7392883,0,0,0.0
140,0.20922183,0.20922183,24.0,26.220043,2.2200432,0,0,0.0
141,0.21021141,0.21021141,26.0,26.12382,0.12381935,0,0,0.0
142,0.2111726,0.2111726,28.0,26.650932,-1.3490677,0,0,-0.0
143,0.21172903,0.21172903,28.0,27.2198,-0.78019905,0,0,-0.0
144,0.21099852,0.21099852,27.0,27.505447,0.5054474,0,0,0.0
145,0.21164928,0.21164928,27.0,27.054586,0.05458641,0,0,0.0
146,0.21065204,0.21065204,28.0,27.378359,-0.62164116,0,0,-0.0
147,0.21201162,0.21201162,28.0,26.048172,-1.951828,0,0,-0.0
148,0.20860492,0.20860492,31.0,24.584846,-6.4151535,0,0,-0.0
149,0.20913093,0.20913093,31.0,24.588478,-6.411522,0,0,-0.0
150,0.2109615,0.2109615,31.0,24.23384,-6.766159,0,0,-0.0
151,0.21117856,0.21117856,31.0,22.696684,-8.303316,0,0,-0.0
152,0.21033259,0.21033259,32.0,24.42508,-7.5749207,0,0,-0.0
153,0.21050762,0.21050762,31.0,24.763374,-6.2366257,0,0,-0.0
154,0.2093858,0.2093858,31.0,23.712175,-7.2878246,0,0,-0.0
155,0.21171649,0.21171649,30.0,24.054104,-5.945896,0,0,-0.0
156,0.20796432,0.20796432,30.0,24.489834,-5.510166,0,0,-0.0
157,0.20786767,0.20786767,31.0,24.238077,-6.761923,0,0,-0.0
158,0.21018206,0.21018206,29.0,25.36916,-3.6308403,0,0,-0.0
159,0.21135704,0.21135704,28.0,26.136528,-1.863472,0,0,-0.0
160,0.21092723,0.21092723,27.0,26.098402,-0.901598,0,0,-0.0
161,0.20988522,0.20988522,27.0,26.048172,-0.951828,0,0,-0.0
162,0.20958535,0.20958535,26.0,25.567055,-0.43294525,0,0,-0.0
163,0.21247898,0.21247898,27.0,26.50811,-0.49188995,0,0,-0.0
164,0.20933293,0.20933293,27.0,27.118132,0.11813164,0,0,0.0
165,0.20897184,0.20897184,26.0,26.439724,0.43972397,0,0,0.0
166,0.21161442,0.21161442,27.0,26.42278,-0.5772209,0,0,-0.0
167,0.21147491,0.21147491,28.0,26.739893,-1.260107,0,0,-0.0
168,0.21073888,0.21073888,27.0,25.575527,-1.4244728,0,0,-0.0
169,0.20946966,0.20946966,27.0,26.295086,-0.7049141,0,0,-0.0
170,0.20984079,0.20984079,27.0,24.886831,-2.1131687,0,0,-0.0
171,0.21200673,0.21200673,26.0,24.627209,-1.3727913,0,0,-0.0
172,0.20833205,0.20833205,26.0,25.36795,-0.63204956,0,0,-0.0
173,0.20864655,0.20864655,25.0,24.622972,-0.3770275,0,0,-0.0
174,0.21149005,0.21149005,25.0,25.479303,0.47930336,0,0,0.0
175,0.21104069,0.21104069,25.0,26.178892,1.1788921,0,0,0.0
176,0.21021824,0.21021824,26.0,25.979181,-0.02081871,0,0,-0.0
177,0.20933466,0.20933466,27.0,26.181917,-0.8180828,0,0,-0.0
178,0.2084722,0.2084722,27.0,26.67635,-0.32365036,0,0,-0.0
179,0.2112721,0.2112721,27.0,26.596466,-0.40353394,0,0,-0.0
180,0.208263,0.208263,26.0,25.942266,-0.057733536,0,0,-0.0
181,0.20905347,0.20905347,25.0,26.154684,1.1546841,0,0,0.0
182,0.20902751,0.20902751,26.0,26.836163,0.83616257,0,0,0.0
183,0.20714955,0.20714955,27.0,27.401342,0.4013424,0,0,0.0
184,0.21035425,0.21035425,27.0,27.484526,0.48452568,0,0,0.0
185,0.21003406,0.21003406,27.0,26.977568,-0.022432327,0,0,-0.0
186,0.21042912,0.21042912,27.0,28.129032,1.1290321,0,0,0.0
187,0.20753972,0.20753972,27.0,27.429506,0.4295063,0,0,0.0
188,0.20721264,0.20721264,27.0,27.426888,0.4268875,0,0,0.0
189,0.20776586,0.20776586,28.0,27.170132,-0.8298683,0,0,-0.0
190,0.20794223,0.20794223,27.0,27.563124,0.5631237,0,0,0.0
191,0.20756303,0.20756303,27.0,27.386932,0.38693237,0,0,0.0
192,0.21081929,0.21081929,28.0,27.794334,-0.20566559,0,0,-0.0
193,0.2099282,0.2099282,28.0,28.115278,0.115278244,0,0,0.0
194,0.21010329,0.21010329,29.0,28.264463,-0.7355366,0,0,-0.0
195,0.20978771,0.20978771,28.0,27.601929,-0.3980713,0,0,-0.0
196,0.20968272,0.20968272,29.0,27.94146,-1.0585403,0,0,-0.0
197,0.21049266,0.21049266,28.0,29.297522,1.2975216,0,0,0.0
198,0.20898925,0.20898925,26.0,28.929752,2.9297523,0,0,0.0
199,0.21024163,0.21024163,26.0,28.922176,2.9221764,0,0,0.0
200,0.21469824,0.21469824,26.0,27.988981,1.9889812,0,0,0.0
201,0.21196823,0.21196823,24.0,28.537878,4.537878,0,0,0.0
202,0.2101448,0.2101448,25.0,28.763086,3.7630863,0,0,0.0
203,0.20963998,0.20963998,26.0,30.544077,4.544077,0,0,0.0
204,0.21026589,0.21026589,25.0,30.881542,5.881542,0,0,0.0
205,0.21036755,0.21036755,25.0,30.261707,5.2617073,0,0,0.0
206,0.20863025,0.20863025,25.0,30.120523,5.1205235,0,0,0.0
207,0.21002714,0.21002714,26.0,26.818182,0.818182,0,0,0.0
208,0.21377413,0.21377413,26.0,26.47383,0.47382927,0,0,0.0
209,0.21074896,0.21074896,27.0,26.402205,-0.5977955,0,0,-0.0
210,0.20939101,0.20939101,27.0,27.225206,0.22520638,0,0,0.0
211,0.20903797,0.20903797,27.0,27.601929,0.6019287,0,0,0.0
212,0.20921274,0.20921274,27.0,27.641872,0.6418724,0,0,0.0
213,0.2087168,0.2087168,27.0,28.557163,1.5571632,0,0,0.0
214,0.20780878,0.20780878,29.0,28.001377,-0.9986229,0,0,-0.0
215,0.20977415,0.20977415,28.0,27.507576,-0.492424,0,0,-0.0
216,0.21324013,0.21324013,28.0,27.241735,-0.75826454,0,0,-0.0
217,0.2100362,0.2100362,28.0,28.082645,0.082645416,0,0,0.0
218,0.20910878,0.20910878,27.0,28.248623,1.2486229,0,0,0.0
219,0.20828797,0.20828797,27.0,28.236914,1.2369137,0,0,0.0
220,0.20844744,0.20844744,27.0,28.108816,1.1088161,0,0,0.0
221,0.20763566,0.20763566,26.0,27.85124,1.8512402,0,0,0.0
222,0.20623724,0.20623724,26.0,28.194904,2.1949043,0,0,0.0
223,0.20792578,0.20792578,26.0,28.953169,2.9531689,0,0,0.0
224,0.210892,0.210892,26.0,29.662535,3.6625347,0,0,0.0
225,0.20881103,0.20881103,27.0,29.917355,2.9173546,0,0,0.0
226,0.20656045,0.20656045,27.0,29.297522,2.2975216,0,0,0.0
227,0.20698394,0.20698394,27.0,30.330578,3.3305779,0,0,0.0
228,0.20661636,0.20661636,28.0,29.254822,1.2548218,0,0,0.0
229,0.20617451,0.20617451,28.0,30.43664,2.4366398,0,0,0.0
230,0.20519458,0.20519458,28.0,29.869146,1.8691463,0,0,0.0
231,0.20673074,0.20673074,27.0,30.451101,3.4511013,0,0,0.0
232,0.21014987,0.21014987,28.0,30.429064,2.4290638,0,0,0.0
233,0.20775385,0.20775385,28.0,29.774105,1.7741051,0,0,0.0
234,0.20509811,0.20509811,28.0,29.834023,1.8340225,0,0,0.0
235,0.20565693,0.20565693,28.0,29.48416,1.4841595,0,0,0.0
236,0.20496969,0.20496969,29.0,29.13292,0.13291931,0,0,0.0
237,0.20500152,0.20500152,29.0,29.70179,0.70178986,0,0,0.0
238,0.20454536,0.20454536,28.0,29.84022,1.8402195,0,0,0.0
239,0.20515148,0.20515148,28.0,29.873278,1.8732777,0,0,0.0
240,0.20878007,0.20878007,28.0,29.22934,1.2293396,0,0,0.0
241,0.2062143,0.2062143,28.0,30.10124,2.1012402,0,0,0.0
242,0.20458041,0.20458041,28.0,30.137053,2.1370525,0,0,0.0
243,0.20505463,0.20505463,29.0,29.250689,0.25068855,0,0,0.0
244,0.20448516,0.20448516,29.0,27.851929,-1.1480713,0,0,-0.0
245,0.20403539,0.20403539,28.0,27.87741,-0.12258911,0,0,-0.0
246,0.20289104,0.20289104,28.0,27.241047,-0.7589531,0,0,-0.0
247,0.20327367,0.20327367,29.0,27.718319,-1.2816811,0,0,-0.0
248,0.20770852,0.20770852,29.0,27.66047,-1.339531,0,0,-0.0
249,0.20529483,0.20529483,29.0,27.349863,-1.650137,0,0,-0.0
250,0.20420472,0.20420472,29.0,26.130854,-2.8691463,0,0,-0.0
251,0.20472382,0.20472382,29.0,26.694904,-2.3050957,0,0,-0.0
252,0.20348309,0.20348309,29.0,27.183884,-1.8161163,0,0,-0.0
253,0.20343073,0.20343073,31.0,27.161846,-3.8381538,0,0,-0.0
254,0.20174567,0.20174567,31.0,26.573002,-4.426998,0,0,-0.0
255,0.20275171,0.20275171,31.0,26.517906,-4.482094,0,0,-0.0
256,0.20699798,0.20699798,31.0,27.85124,-3.1487598,0,0,-0.0
257,0.20416982,0.20416982,28.0,27.629477,-0.37052345,0,0,-0.0
258,0.20379014,0.20379014,27.0,27.511707,0.5117073,0,0,0.0
259,0.20464493,0.20464493,27.0,28.192837,1.1928368,0,0,0.0
260,0.20374255,0.20374255,28.0,28.407024,0.40702438,0,0,0.0
261,0.20425911,0.20425911,28.0,28.327135,0.3271351,0,0,0.0
262,0.20257972,0.20257972,28.0,29.123966,1.1239662,0,0,0.0
263,0.20346402,0.20346402,29.0,29.772728,0.77272797,0,0,0.0
264,0.20816933,0.20816933,29.0,30.503443,1.5034428,0,0,0.0
265,0.2055404,0.2055404,28.0,30.071625,2.0716248,0,0,0.0
266,0.20605676,0.20605676,28.0,30.788567,2.7885666,0,0,0.0
267,0.2071156,0.2071156,28.0,29.369146,1.3691463,0,0,0.0
268,0.20609172,0.20609172,29.0,30.261707,1.2617073,0,0,0.0
269,0.20735388,0.20735388,29.0,31.236225,2.2362251,0,0,0.0
270,0.20519616,0.20519616,29.0,30.513086,1.5130863,0,0,0.0
271,0.20611708,0.20611708,28.0,30.46281,2.4628105,0,0,0.0
272,0.21043299,0.21043299,29.0,30.705235,1.7052345,0,0,0.0
273,0.20829563,0.20829563,29.0,30.462122,1.462122,0,0,0.0
274,0.20812277,0.20812277,30.0,31.836777,1.8367767,0,0,0.0
275,0.20891629,0.20891629,31.0,32.671486,1.6714859,0,0,0.0
276,0.2088411,0.2088411,30.0,31.780993,1.7809925,0,0,0.0
277,0.21050648,0.21050648,30.0,32.072315,2.0723152,0,0,0.0
278,0.20743056,0.20743056,30.0,32.128098,2.1280975,0,0,0.0
279,0.20770048,0.20770048,31.0,35.21694,4.216942,0,0,0.0
280,0.21136041,0.21136041,31.0,34.871902,3.8719025,0,0,0.0
281,0.2101966,0.2101966,31.0,35.292698,4.292698,0,0,0.0
282,0.21018021,0.21018021,31.0,37.274105,6.274105,0,0,0.0
283,0.20980336,0.20980336,30.0,35.805786,5.805786,0,0,0.0
284,0.21058397,0.21058397,30.0,35.977962,5.9779625,0,0,0.0
285,0.21227555,0.21227555,30.0,34.634296,4.6342964,0,0,0.0
286,0.20970438,0.20970438,30.0,35.26584,5.2658386,0,0,0.0
287,0.21045415,0.21045415,30.0,34.436638,4.436638,0,0,0.0
288,0.2139035,0.2139035,30.0,33.80372,3.8037186,0,0,0.0
289,0.2124915,0.2124915,30.0,35.06267,5.0626717,0,0,0.0
290,0.21213327,0.21213327,30.0,33.522038,3.5220375,0,0,0.0
291,0.22181807,0.22181807,31.0,34.833855,3.8338547,0,0,0.0
292,0.2222806,0.2222806,31.0,34.664185,3.6641846,0,0,0.0
293,0.22410278,0.22410278,31.0,33.033855,2.0338554,0,0,0.0
294,0.22323893,0.22323893,29.0,33.32968,4.3296814,0,0,0.0
295,0.22621493,0.22621493,29.0,33.540775,4.5407753,0,0,0.0
296,0.2229567,0.2229567,28.0,34.807346,6.8073463,0,0,0.0
297,0.22496502,0.22496502,28.0,35.598408,7.5984077,0,0,0.0
298,0.224977,0.224977,29.0,35.629086,6.6290855,0,0,0.0
299,0.22519876,0.22519876,29.0,36.24338,7.2433815,0,0,0.0
300,0.22219746,0.22219746,27.0,36.74811,9.748112,0,0,0.0
301,0.22464503,0.22464503,28.0,35.425297,7.425297,0,0,0.0
302,0.2238055,0.2238055,28.0,35.814617,7.814617,0,0,0.0
303,0.22680165,0.22680165,28.0,35.258755,7.2587547,0,0,0.0
304,0.23252697,0.23252697,28.0,37.44884,9.448841,1,1,9.448841
305,0.23624693,0.23624693,29.0,41.498158,12.4981575,1,1,12.4981575
306,0.23374407,0.23374407,30.0,45.61021,15.61021,1,1,15.61021
307,0.23375498,0.23375498,32.0,45.403942,13.403942,1,1,13.403942
308,0.2334096,0.2334096,31.0,46.502464,15.502464,1,1,15.502464
309,0.23016806,0.23016806,32.0,45.35862,13.35862,0,0,0.0
310,0.23023169,0.23023169,32.0,46.995075,14.995075,0,0,0.0
311,0.23177986,0.23177986,33.0,49.62266,16.622662,1,1,16.622662
312,0.23010893,0.23010893,33.0,50.07389,17.07389,0,0,0.0
313,0.23129411,0.23129411,34.0,54.423645,20.423645,0,0,0.0
314,0.22961922,0.22961922,35.0,56.33596,21.33596,0,0,0.0
315,0.23328762,0.23328762,35.0,56.31527,21.31527,1,1,21.31527
316,0.23293827,0.23293827,35.0,55.666996,20.666996,1,1,20.666996
317,0.23058926,0.23058926,35.0,57.75271,22.752708,0,0,0.0
318,0.23059271,0.23059271,35.0,60.0,25.0,0,0,0.0
319,0.23230456,0.23230456,36.0,56.48079,20.48079,1,1,20.48079
320,0.23160209,0.23160209,36.0,54.854187,18.854187,1,1,18.854187
321,0.2313454,0.2313454,36.0,54.114285,18.114285,0,0,0.0
322,0.23133151,0.23133151,36.0,56.336945,20.336945,0,0,0.0
323,0.23425277,0.23425277,35.0,50.174385,15.174385,1,1,15.174385
324,0.23403631,0.23403631,37.0,47.261086,10.2610855,1,1,10.2610855
325,0.23114629,0.23114629,38.0,48.55074,10.550739,0,0,0.0
326,0.23109083,0.23109083,37.0,49.36256,12.36256,0,0,0.0
327,0.23214988,0.23214988,38.0,50.731033,12.731033,1,1,12.731033
328,0.23137711,0.23137711,38.0,50.58128,12.58128,1,1,12.58128
329,0.23659505,0.23659505,39.0,49.15625,10.15625,1,1,10.15625
330,0.2411731,0.2411731,39.0,46.33777,7.3377686,1,1,7.3377686
331,0.23742352,0.23742352,39.0,48.739643,9.739643,1,1,9.739643
332,0.23786436,0.23786436,39.0,45.830708,6.8307076,1,1,6.8307076
333,0.23664467,0.23664467,39.0,46.83648,7.836479,1,1,7.836479
334,0.24025066,0.24025066,39.0,45.25,6.25,1,1,6.25
335,0.24139734,0.24139734,38.0,47.72327,9.72327,1,1,9.72327
336,0.24169658,0.24169658,38.0,47.35456,9.354561,1,1,9.354561
337,0.24128653,0.24128653,37.0,46.4772,9.4772,1,1,9.4772
338,0.24083687,0.24083687,36.0,46.985847,10.985847,1,1,10.985847
339,0.23713748,0.23713748,37.0,50.816036,13.816036,1,1,13.816036
340,0.23845054,0.23845054,36.0,50.169025,14.169025,1,1,14.169025
341,0.23633145,0.23633145,36.0,48.54953,12.54953,1,1,12.54953
342,0.23959632,0.23959632,36.0,49.808964,13.808964,1,1,13.808964
343,0.23992716,0.23992716,35.0,47.17846,12.178459,1,1,12.178459
344,0.2271109,0.2271109,34.0,47.246666,13.246666,0,0,0.0
345,0.22586958,0.22586958,35.0,47.65,12.650002,0,0,0.0
346,0.22561066,0.22561066,36.0,48.56,12.560001,0,0,0.0
347,0.22222291,0.22222291,37.0,46.073334,9.073334,0,0,0.0
348,0.22351636,0.22351636,37.0,47.370834,10.370834,0,0,0.0
349,0.22469147,0.22469147,38.0,47.141666,9.141666,0,0,0.0
350,0.22533558,0.22533558,38.0,47.8675,9.8675,0,0,0.0
351,0.22746713,0.22746713,38.0,48.645832,10.645832,0,0,0.0
352,0.22651671,0.22651671,37.0,49.423332,12.423332,0,0,0.0
353,0.22558068,0.22558068,37.0,50.461666,13.461666,0,0,0.0
354,0.22460617,0.22460617,38.0,51.0425,13.0425,0,0,0.0
355,0.21566711,0.21566711,39.0,48.107315,9.107315,0,0,0.0
356,0.21826263,0.21826263,39.0,45.04451,6.04451,0,0,0.0
357,0.21737285,0.21737285,39.0,45.24926,6.24926,0,0,0.0
358,0.21943258,0.21943258,39.0,44.863503,5.8635025,0,0,0.0
359,0.22000198,0.22000198,39.0,47.396885,8.396885,0,0,0.0
360,0.2226011,0.2226011,39.0,47.344215,8.344215,0,0,0.0
361,0.22108196,0.22108196,40.0,46.23937,6.2393684,0,0,0.0
362,0.22341625,0.22341625,40.0,43.939426,3.9394264,0,0,0.0
363,0.20604976,0.20604976,38.0,40.652058,2.6520576,0,0,0.0
364,0.20633428,0.20633428,39.0,40.14989,1.1498909,0,0,0.0
365,0.20626773,0.20626773,39.0,38.345238,-0.65476227,0,0,-0.0
366,0.21041356,0.21041356,39.0,36.140697,-2.8593025,0,0,-0.0
367,0.2092569,0.2092569,38.0,36.64498,-1.3550186,0,0,-0.0
368,0.20961295,0.20961295,40.0,36.552696,-3.4473038,0,0,-0.0
369,0.20704569,0.20704569,39.0,37.095814,-1.9041862,0,0,-0.0
370,0.20676069,0.20676069,38.0,36.24105,-1.7589493,0,0,-0.0
371,0.2095929,0.2095929,38.0,36.440243,-1.5597572,0,0,-0.0
372,0.20972668,0.20972668,38.0,36.97428,-1.0257187,0,0,-0.0
373,0.2114789,0.2114789,36.0,37.081192,1.081192,0,0,0.0
374,0.21029408,0.21029408,34.0,37.53757,3.537571,0,0,0.0
375,0.2086808,0.2086808,34.0,37.23651,3.2365112,0,0,0.0
376,0.20906101,0.20906101,34.0,36.59657,2.596569,0,0,0.0
377,0.20625047,0.20625047,35.0,37.27685,2.2768517,0,0,0.0
378,0.20642914,0.20642914,35.0,37.528492,2.528492,0,0,0.0
379,0.20777161,0.20777161,36.0,37.075138,1.0751381,0,0,0.0
380,0.209347,0.209347,36.0,36.873425,0.87342453,0,0,0.0
381,0.21117161,0.21117161,37.0,35.680283,-1.3197174,0,0,-0.0
382,0.21095671,0.21095671,37.0,35.605145,-1.3948555,0,0,-0.0
383,0.20896997,0.20896997,37.0,36.001007,-0.9989929,0,0,-0.0
384,0.20963274,0.20963274,36.0,35.282402,-0.71759796,0,0,-0.0
385,0.20700137,0.20700137,37.0,34.003025,-2.996975,0,0,-0.0
386,0.20726441,0.20726441,37.0,33.737267,-3.2627335,0,0,-0.0
387,0.20871319,0.20871319,37.0,32.24256,-4.7574387,0,0,-0.0
388,0.21024399,0.21024399,37.0,32.770046,-4.229954,0,0,-0.0
389,0.21107106,0.21107106,39.0,31.258194,-7.741806,0,0,-0.0
390,0.21118705,0.21118705,39.0,31.861013,-7.1389866,0,0,-0.0
391,0.20800497,0.20800497,38.0,32.523834,-5.476166,0,0,-0.0
392,0.20894657,0.20894657,39.0,32.535374,-6.4646263,0,0,-0.0
393,0.2075754,0.2075754,38.0,33.02559,-4.974411,0,0,-0.0
394,0.20802818,0.20802818,37.0,31.835926,-5.164074,0,0,-0.0
395,0.20668818,0.20668818,37.0,32.18314,-4.81686,0,0,-0.0
396,0.20984869,0.20984869,37.0,30.59408,-6.40592,0,0,-0.0
397,0.20990534,0.20990534,37.0,31.691921,-5.308079,0,0,-0.0
398,0.21055545,0.21055545,37.0,31.658304,-5.341696,0,0,-0.0
399,0.20720954,0.20720954,37.0,32.020573,-4.9794273,0,0,-0.0
400,0.20825355,0.20825355,37.0,32.556446,-4.443554,0,0,-0.0
401,0.20705144,0.20705144,38.0,32.861515,-5.138485,0,0,-0.0
402,0.20718087,0.20718087,38.0,32.37431,-5.6256905,0,0,-0.0
403,0.20590757,0.20590757,38.0,33.15153,-4.848469,0,0,-0.0
404,0.20918627,0.20918627,39.0,32.022076,-6.9779243,0,0,-0.0
405,0.2092336,0.2092336,39.0,32.201706,-6.798294,0,0,-0.0
406,0.20963009,0.20963009,38.0,31.787758,-6.212242,0,0,-0.0
407,0.20628457,0.20628457,38.0,31.747114,-6.252886,0,0,-0.0
408,0.20715491,0.20715491,37.0,32.573505,-4.4264946,0,0,-0.0
409,0.20708607,0.20708607,38.0,31.615654,-6.384346,0,0,-0.0
410,0.2066422,0.2066422,39.0,31.40592,-7.59408,0,0,-0.0
411,0.205934,0.205934,39.0,31.518314,-7.4816856,0,0,-0.0
412,0.20869227,0.20869227,39.0,30.119919,-8.880081,0,0,-0.0
413,0.20851614,0.20851614,39.0,29.475163,-9.5248375,0,0,-0.0
414,0.21234836,0.21234836,38.0,28.725666,-9.274334,0,0,-0.0
415,0.21452914,0.21452914,36.0,29.629461,-6.3705387,0,0,-0.0
416,0.21464641,0.21464641,35.0,30.119434,-4.8805656,0,0,-0.0
417,0.21249922,0.21249922,35.0,29.500736,-5.499264,0,0,-0.0
418,0.21157192,0.21157192,35.0,29.84204,-5.157961,0,0,-0.0
419,0.21004353,0.21004353,36.0,29.345722,-6.654278,0,0,-0.0
420,0.20981298,0.20981298,35.0,28.081133,-6.918867,0,0,-0.0
421,0.20911823,0.20911823,35.0,28.788668,-6.2113323,0,0,-0.0
422,0.20889221,0.20889221,36.0,29.14357,-6.85643,0,0,-0.0
423,0.21055086,0.21055086,36.0,29.313541,-6.6864586,0,0,-0.0
424,0.21164177,0.21164177,36.0,30.037848,-5.9621525,0,0,-0.0
425,0.21449848,0.21449848,36.0,29.993542,-6.0064583,0,0,-0.0
426,0.21251224,0.21251224,35.0,30.468666,-4.531334,0,0,-0.0
427,0.20987524,0.20987524,36.0,30.271002,-5.728998,0,0,-0.0
428,0.21388637,0.21388637,36.0,30.490692,-5.509308,0,0,-0.0
429,0.21249877,0.21249877,36.0,30.130676,-5.8693237,0,0,-0.0
430,0.2107877,0.2107877,35.0,31.506226,-3.4937744,0,0,-0.0
431,0.20926385,0.20926385,35.0,30.987785,-4.0122147,0,0,-0.0
432,0.21439151,0.21439151,34.0,30.820004,-3.1799965,0,0,-0.0
433,0.2156422,0.2156422,34.0,32.042824,-1.9571762,0,0,-0.0
434,0.21524037,0.21524037,34.0,31.396126,-2.6038742,0,0,-0.0
435,0.21504493,0.21504493,33.0,31.190184,-1.8098164,0,0,-0.0
436,0.21245764,0.21245764,32.0,31.979792,-0.020208359,0,0,-0.0
437,0.21111761,0.21111761,31.0,33.165886,2.165886,0,0,0.0
438,0.21073128,0.21073128,31.0,32.509083,1.5090828,0,0,0.0
439,0.21378414,0.21378414,30.0,33.018646,3.0186462,0,0,0.0
440,0.21344553,0.21344553,30.0,33.929028,3.9290276,0,0,0.0
441,0.2129402,0.2129402,31.0,34.134007,3.1340065,0,0,0.0
442,0.2135383,0.2135383,31.0,33.34825,2.3482513,0,0,0.0
443,0.21470775,0.21470775,32.0,32.798267,0.79826736,0,0,0.0
444,0.21131743,0.21131743,31.0,32.027428,1.0274277,0,0,0.0
445,0.2103412,0.2103412,31.0,31.649706,0.6497059,0,0,0.0
446,0.21037771,0.21037771,30.0,32.919525,2.9195251,0,0,0.0
447,0.21315955,0.21315955,30.0,33.38097,3.38097,0,0,0.0
448,0.21321808,0.21321808,30.0,33.466618,3.4666176,0,0,0.0
449,0.21309207,0.21309207,31.0,33.113438,2.1134377,0,0,0.0
450,0.21345674,0.21345674,31.0,32.42247,1.4224701,0,0,0.0
451,0.21466856,0.21466856,31.0,33.48346,2.4834595,0,0,0.0
452,0.21218605,0.21218605,31.0,33.284737,2.2847366,0,0,0.0
453,0.21240713,0.21240713,32.0,32.383495,0.38349533,0,0,0.0
454,0.2120115,0.2120115,31.0,32.2709,1.2709007,0,0,0.0
455,0.21534131,0.21534131,31.0,31.785877,0.7858772,0,0,0.0
456,0.21437334,0.21437334,31.0,32.74967,1.7496681,0,0,0.0
457,0.21333335,0.21333335,31.0,32.66498,1.6649818,0,0,0.0
458,0.2131264,0.2131264,31.0,33.350174,2.350174,0,0,0.0
459,0.21408744,0.21408744,31.0,32.798748,1.798748,0,0,0.0
460,0.21130179,0.21130179,30.0,33.084568,3.084568,0,0,0.0
461,0.21149887,0.21149887,30.0,33.53639,3.5363884,0,0,0.0
462,0.21245803,0.21245803,29.0,33.101406,4.101406,0,0,0.0
463,0.21620552,0.21620552,28.0,33.415134,5.4151344,0,0,0.0
464,0.21499343,0.21499343,29.0,33.068207,4.068207,0,0,0.0
465,0.2143675,0.2143675,29.0,34.661373,5.661373,0,0,0.0
466,0.21435617,0.21435617,30.0,35.369183,5.3691826,0,0,0.0
467,0.21511997,0.21511997,30.0,33.935284,3.9352837,0,0,0.0
468,0.21231581,0.21231581,30.0,34.15229,4.1522903,0,0,0.0
469,0.21261893,0.21261893,29.0,34.05028,5.0502815,0,0,0.0
470,0.21320738,0.21320738,28.0,34.691208,6.691208,0,0,0.0
471,0.21537451,0.21537451,28.0,35.638157,7.638157,0,0,0.0
472,0.21419857,0.21419857,29.0,35.547695,6.547695,0,0,0.0
473,0.21349521,0.21349521,29.0,34.670517,5.670517,0,0,0.0
474,0.2141711,0.2141711,30.0,35.02081,5.020809,0,0,0.0
475,0.2147596,0.2147596,30.0,34.54108,4.5410805,0,0,0.0
476,0.21228708,0.21228708,30.0,32.621677,2.6216774,0,0,0.0
477,0.21262942,0.21262942,31.0,32.24925,1.2492485,0,0,0.0
478,0.214188,0.214188,31.0,30.825935,-0.17406464,0,0,-0.0
479,0.21576644,0.21576644,31.0,31.637196,0.6371956,0,0,0.0
480,0.21494405,0.21494405,31.0,32.207867,1.2078667,0,0,0.0
481,0.21438836,0.21438836,31.0,33.03789,2.0378914,0,0,0.0
482,0.21457846,0.21457846,31.0,33.949238,2.9492378,0,0,0.0
483,0.21661554,0.21661554,32.0,33.67497,1.6749687,0,0,0.0
484,0.21376501,0.21376501,32.0,32.95898,0.95898056,0,0,0.0
485,0.21432649,0.21432649,32.0,33.13605,1.1360512,0,0,0.0
486,0.2152252,0.2152252,32.0,32.673164,0.67316437,0,0,0.0
487,0.21691574,0.21691574,33.0,33.043667,0.04366684,0,0,0.0
488,0.21606152,0.21606152,33.0,32.41862,-0.58137894,0,0,-0.0
489,0.21590607,0.21590607,33.0,32.36858,-0.63142014,0,0,-0.0
490,0.21592744,0.21592744,34.0,33.015278,-0.98472214,0,0,-0.0
491,0.21803625,0.21803625,34.0,33.313606,-0.68639374,0,0,-0.0
492,0.21538748,0.21538748,34.0,32.2045,-1.7955017,0,0,-0.0
493,0.21566842,0.21566842,34.0,32.928185,-1.0718155,0,0,-0.0
494,0.21645974,0.21645974,33.0,32.61879,-0.38121033,0,0,-0.0
495,0.21853937,0.21853937,32.0,33.055214,1.0552139,0,0,0.0
496,0.21748944,0.21748944,33.0,33.16011,0.16011047,0,0,0.0
497,0.21703823,0.21703823,34.0,33.2039,-0.7961006,0,0,-0.0
498,0.21654682,0.21654682,34.0,32.71647,-1.2835312,0,0,-0.0
499,0.21821855,0.21821855,33.0,33.06628,0.066280365,0,0,0.0
500,0.21527033,0.21527033,33.0,33.23229,0.23228836,0,0,0.0
501,0.21625806,0.21625806,33.0,32.82981,-0.1701889,0,0,-0.0
502,0.21807681,0.21807681,34.0,32.800507,-1.1994934,0,0,-0.0
503,0.21786802,0.21786802,33.0,34.583538,1.583538,0,0,0.0
504,0.21862052,0.21862052,33.0,34.174885,1.1748848,0,0,0.0
505,0.23302169,0.23302169,32.0,33.52563,1.525631,1,1,1.525631
506,0.23774607,0.23774607,32.0,33.29697,1.2969704,1,1,1.2969704
507,0.2357565,0.2357565,33.0,33.20988,0.20988083,1,1,0.20988083
508,0.23677592,0.23677592,33.0,33.648903,0.6489029,1,1,0.6489029
509,0.23777519,0.23777519,33.0,33.809723,0.8097229,1,1,0.8097229
510,0.23823582,0.23823582,33.0,33.517227,0.5172272,1,1,0.5172272
511,0.2370966,0.2370966,33.0,33.03997,0.039970398,1,1,0.039970398
512,0.23460533,0.23460533,33.0,33.54325,0.54325104,1,1,0.54325104
513,0.2366498,0.2366498,33.0,34.431664,1.4316635,1,1,1.4316635
514,0.23775713,0.23775713,33.0,34.933903,1.9339027,1,1,1.9339027
515,0.23525004,0.23525004,34.0,35.49287,1.4928703,1,1,1.4928703
516,0.23576985,0.23576985,35.0,34.688248,-0.31175232,1,1,-0.31175232
517,0.23659472,0.23659472,34.0,35.69845,1.6984482,1,1,1.6984482
518,0.23732455,0.23732455,34.0,35.23004,1.2300415,1,1,1.2300415
519,0.23655145,0.23655145,34.0,35.40023,1.4002304,1,1,1.4002304
520,0.2337309,0.2337309,35.0,35.490788,0.4907875,1,1,0.4907875
521,0.23736943,0.23736943,35.0,34.577755,-0.42224503,1,1,-0.42224503
522,0.24008267,0.24008267,36.0,33.389065,-2.6109352,1,1,-2.6109352
523,0.23810865,0.23810865,35.0,34.57414,-0.42586136,1,1,-0.42586136
524,0.24037002,0.24037002,35.0,34.49966,-0.5003395,1,1,-0.5003395
525,0.24179308,0.24179308,35.0,34.60571,-0.39429092,1,1,-0.39429092
526,0.2441582,0.2441582,33.0,33.540916,0.54091644,1,1,0.54091644
527,0.2445427,0.2445427,32.0,34.008926,2.0089264,1,1,2.0089264
528,0.24535824,0.24535824,30.0,33.054512,3.054512,1,1,3.054512
529,0.24319242,0.24319242,31.0,31.792236,0.7922363,1,1,0.7922363
530,0.24195592,0.24195592,32.0,33.560936,1.560936,1,1,1.560936
531,0.23976828,0.23976828,32.0,34.49966,2.4996605,1,1,2.4996605
532,0.24004509,0.24004509,34.0,34.64899,0.64899063,1,1,0.64899063
533,0.24139379,0.24139379,34.0,34.450966,0.45096588,1,1,0.45096588
534,0.24331875,0.24331875,33.0,34.01596,1.0159607,1,1,1.0159607
535,0.24336736,0.24336736,33.0,35.33667,2.33667,1,1,2.33667
536,0.2433586,0.2433586,32.0,36.223995,4.223995,1,1,4.223995
537,0.24184428,0.24184428,33.0,35.94265,2.9426498,1,1,2.9426498
538,0.23934872,0.23934872,32.0,35.96591,3.9659119,1,1,3.9659119
539,0.23791786,0.23791786,32.0,35.522793,3.5227928,1,1,3.5227928
540,0.2385372,0.2385372,32.0,36.608143,4.608143,1,1,4.608143
541,0.23919488,0.23919488,33.0,36.16502,3.16502,1,1,3.16502
542,0.24119459,0.24119459,32.0,34.4158,2.4157982,1,1,2.4157982
543,0.24147935,0.24147935,32.0,35.49574,3.495739,1,1,3.495739
544,0.24145322,0.24145322,32.0,34.671715,2.6717148,1,1,2.6717148
545,0.2393068,0.2393068,32.0,36.017857,4.0178566,1,1,4.0178566
546,0.23752876,0.23752876,33.0,35.469227,2.4692268,1,1,2.4692268
547,0.2364809,0.2364809,33.0,35.753822,2.7538223,1,1,2.7538223
548,0.23662312,0.23662312,32.0,35.413498,3.413498,1,1,3.413498
549,0.23732822,0.23732822,33.0,32.90031,-0.09968948,1,1,-0.09968948
550,0.23929141,0.23929141,33.0,33.9624,0.9623985,1,1,0.9623985
551,0.2396286,0.2396286,33.0,33.505207,0.50520706,1,1,0.50520706
552,0.24005197,0.24005197,32.0,34.572163,2.5721626,1,1,2.5721626
553,0.2382042,0.2382042,34.0,34.124714,0.1247139,1,1,0.1247139
554,0.2362278,0.2362278,34.0,33.857975,-0.142025,1,1,-0.142025
555,0.23550276,0.23550276,34.0,33.399162,-0.6008377,1,1,-0.6008377
556,0.23669668,0.23669668,33.0,32.728256,-0.27174377,1,1,-0.27174377
557,0.23766153,0.23766153,34.0,33.106453,-0.89354706,1,1,-0.89354706
558,0.23817007,0.23817007,34.0,33.681103,-0.31889725,1,1,-0.31889725
559,0.23987968,0.23987968,34.0,33.180035,-0.81996536,1,1,-0.81996536
560,0.23979823,0.23979823,34.0,33.03161,-0.9683914,1,1,-0.9683914
561,0.23805697,0.23805697,33.0,32.580376,-0.41962433,1,1,-0.41962433
562,0.23664232,0.23664232,34.0,32.922184,-1.077816,1,1,-1.077816
563,0.23525642,0.23525642,34.0,33.409714,-0.59028625,1,1,-0.59028625
564,0.23469998,0.23469998,35.0,33.4758,-1.5242004,1,1,-1.5242004
565,0.23514532,0.23514532,36.0,32.8691,-3.1309013,1,1,-3.1309013
566,0.23498107,0.23498107,35.0,32.698463,-2.3015366,1,1,-2.3015366
567,0.23632313,0.23632313,36.0,33.87124,-2.1287613,1,1,-2.1287613
568,0.2357326,0.2357326,35.0,34.24826,-0.7517395,1,1,-0.7517395
569,0.23555295,0.23555295,36.0,34.67295,-1.3270493,1,1,-1.3270493
570,0.23473139,0.23473139,36.0,34.448147,-1.5518532,1,1,-1.5518532
571,0.23328845,0.23328845,35.0,34.337097,-0.66290283,1,1,-0.66290283
572,0.23285319,0.23285319,34.0,34.11392,0.113918304,1,1,0.113918304
573,0.2341523,0.2341523,35.0,33.464424,-1.5355759,1,1,-1.5355759
574,0.23371495,0.23371495,35.0,34.137753,-0.86224747,1,1,-0.86224747
575,0.23498367,0.23498367,35.0,33.89724,-1.1027603,1,1,-1.1027603
576,0.23419409,0.23419409,34.0,33.73473,-0.26527023,1,1,-0.26527023
577,0.23398717,0.23398717,34.0,33.142654,-0.8573456,1,1,-0.8573456
578,0.23280047,0.23280047,34.0,32.934643,-1.0653572,1,1,-1.0653572
579,0.2320493,0.2320493,32.0,32.23423,0.23423004,1,1,0.23423004
580,0.23189215,0.23189215,34.0,32.513744,-1.4862556,1,1,-1.4862556
581,0.23340921,0.23340921,35.0,31.676823,-3.3231773,1,1,-3.3231773
582,0.23330133,0.23330133,35.0,31.408142,-3.591858,1,1,-3.591858
583,0.2355734,0.2355734,35.0,30.701769,-4.298231,1,1,-4.298231
584,0.23436843,0.23436843,35.0,30.369167,-4.6308327,1,1,-4.6308327
585,0.23435627,0.23435627,35.0,28.631945,-6.3680553,1,1,-6.3680553
586,0.23305868,0.23305868,36.0,29.755424,-6.2445755,1,1,-6.2445755
587,0.23146714,0.23146714,36.0,29.756508,-6.243492,1,1,-6.243492
588,0.23083068,0.23083068,37.0,29.283606,-7.7163944,0,0,-0.0
589,0.23274298,0.23274298,36.0,30.59343,-5.4065704,1,1,-5.4065704
590,0.23274891,0.23274891,37.0,30.024105,-6.975895,1,1,-6.975895
591,0.2355419,0.2355419,37.0,29.076677,-7.9233227,1,1,-7.9233227
592,0.23390354,0.23390354,35.0,28.87625,-6.1237507,1,1,-6.1237507
593,0.23375387,0.23375387,36.0,28.446142,-7.553858,1,1,-7.553858
594,0.23224472,0.23224472,35.0,28.264673,-6.735327,1,1,-6.735327
595,0.23030533,0.23030533,36.0,28.813953,-7.1860466,0,0,-0.0
596,0.22991507,0.22991507,36.0,29.446066,-6.553934,0,0,-0.0
597,0.23159294,0.23159294,36.0,29.706804,-6.2931957,1,1,-6.2931957
598,0.23276328,0.23276328,36.0,29.882996,-6.1170044,1,1,-6.1170044
599,0.23297046,0.23297046,34.0,28.92786,-5.0721397,1,1,-5.0721397
600,0.23241277,0.23241277,34.0,29.283512,-4.716488,1,1,-4.716488
601,0.23025809,0.23025809,34.0,28.506472,-5.4935284,0,0,-0.0
602,0.23011433,0.23011433,35.0,28.258007,-6.741993,0,0,-0.0
603,0.23047908,0.23047908,35.0,27.47093,-7.52907,0,0,-0.0
604,0.22918166,0.22918166,34.0,28.995173,-5.0048275,0,0,-0.0
605,0.22850178,0.22850178,34.0,29.176348,-4.8236523,0,0,-0.0
606,0.22984038,0.22984038,33.0,29.456503,-3.543497,0,0,-0.0
607,0.22919981,0.22919981,33.0,29.408829,-3.5911713,0,0,-0.0
608,0.23034148,0.23034148,34.0,30.03764,-3.9623604,0,0,-0.0
609,0.2333511,0.2333511,33.0,29.752966,-3.247034,1,1,-3.247034
610,0.2310025,0.2310025,33.0,29.52856,-3.4714394,0,0,-0.0
611,0.22925891,0.22925891,33.0,29.608194,-3.3918056,0,0,-0.0
612,0.22675724,0.22675724,33.0,29.330318,-3.6696815,0,0,-0.0
613,0.22154044,0.22154044,33.0,28.484343,-4.5156574,0,0,-0.0
614,0.22592036,0.22592036,33.0,28.384186,-4.615814,0,0,-0.0
615,0.224663,0.224663,33.0,29.121765,-3.8782349,0,0,-0.0
616,0.22274177,0.22274177,32.0,29.643576,-2.3564243,0,0,-0.0
617,0.22087465,0.22087465,33.0,29.326408,-3.6735916,0,0,-0.0
618,0.2207502,0.2207502,34.0,28.766672,-5.233328,0,0,-0.0
619,0.22392808,0.22392808,34.0,28.445665,-5.5543346,0,0,-0.0
620,0.22154479,0.22154479,34.0,28.673018,-5.3269825,0,0,-0.0
621,0.22557692,0.22557692,34.0,28.16793,-5.8320694,0,0,-0.0
622,0.22190751,0.22190751,34.0,28.259647,-5.7403526,0,0,-0.0
623,0.22656782,0.22656782,33.0,27.885666,-5.114334,0,0,-0.0
624,0.22652255,0.22652255,33.0,26.555319,-6.444681,0,0,-0.0
625,0.22681014,0.22681014,33.0,27.402655,-5.5973454,0,0,-0.0
626,0.23004837,0.23004837,32.0,26.180317,-5.819683,0,0,-0.0
627,0.23492794,0.23492794,32.0,25.647625,-6.352375,1,1,-6.352375
628,0.2365428,0.2365428,31.0,24.881947,-6.1180534,1,1,-6.1180534
629,0.23620509,0.23620509,30.0,24.999113,-5.000887,1,1,-5.000887
630,0.23301439,0.23301439,31.0,26.362507,-4.637493,1,1,-4.637493
